query-id	corpus-id	score
query-dev-0	synthetic-dev-0/p-0-668-3e87c6a036e5	1
query-dev-0	synthetic-dev-0/p-670-1340-0edc5bbc21c1	0
query-dev-1	synthetic-dev-1/p-0-653-8c5bd9363889	1
query-dev-1	synthetic-dev-1/p-655-1336-7711f13508ec	0
query-dev-2	synthetic-dev-2/p-0-645-45f215ba54cf	1
query-dev-2	synthetic-dev-2/p-647-1292-6a0f619b19d3	0
query-dev-3	synthetic-dev-3/p-0-649-817f943a9fb6	1
query-dev-3	synthetic-dev-3/p-651-1300-edead30cb19c	0
query-dev-4	synthetic-dev-4/p-0-656-0742b6fb5b7b	1
query-dev-4	synthetic-dev-4/p-658-1316-dd5ef28413a5	0
query-dev-5	synthetic-dev-5/p-0-657-90392bb8b495	1
query-dev-5	synthetic-dev-5/p-659-1319-c4b00f0135f9	0
query-dev-6	synthetic-dev-6/p-0-663-1d39eb0fbe17	1
query-dev-6	synthetic-dev-6/p-665-1365-4ffee998fe25	0
query-test-0	synthetic-test-0/p-0-669-7b81065654fd	1
query-test-0	synthetic-test-0/p-671-1342-d871d5fe5526	0
query-test-1	synthetic-test-1/p-0-654-0106fdfaf901	1
query-test-1	synthetic-test-1/p-656-1338-58ba27142e33	0
query-test-2	synthetic-test-2/p-0-646-eef28825e1a3	1
query-test-2	synthetic-test-2/p-648-1294-059952fe284a	0
query-test-3	synthetic-test-3/p-0-650-b709951995a4	1
query-test-3	synthetic-test-3/p-652-1302-3ca383165792	0
query-test-4	synthetic-test-4/p-0-657-c28a8e3f4b41	1
query-test-4	synthetic-test-4/p-659-1318-53e84e645da1	0
query-test-5	synthetic-test-5/p-0-658-d1e9415add5d	1
query-test-5	synthetic-test-5/p-660-1321-05d396220566	0
query-test-6	synthetic-test-6/p-0-664-ceb71b3434f3	1
query-test-6	synthetic-test-6/p-666-1367-9e606b4a61da	0
